insert into title_basics values
('tt0074486','MOVIE','Eraserhead','Eraserhead',false,1977,null,89,'Fantasy,Horror'),
('tt0080678','MOVIE','The Elephant Man','The Elephant Man',false,1980,null,124,'Biography,Drama'),
('tt0087182','MOVIE','Dune','Dune',false,1984,null,137,'Action,Adventure,Sci-Fi'),
('tt0090756','MOVIE','Blue Velvet','Blue Velvet',false,1986,null,120,'Drama,Mystery,Thriller'),
('tt0100935','MOVIE','Wild at Heart','Wild at Heart',false,1990,null,125,'Comedy,Crime,Drama'),
('tt0105665','MOVIE','Twin Peaks: Fire Walk with Me','Twin Peaks: Fire Walk with Me',false,1992,null,134,'Drama,Horror,Mystery'),
('tt0116922','MOVIE','Lost Highway','Lost Highway',false,1997,null,134,'Mystery,Thriller'),
('tt0166896','MOVIE','The Straight Story','The Straight Story',false,1999,null,112,'Biography,Drama'),
('tt0166924','MOVIE','Mulholland Dr.','Mulholland Dr.',false,2001,null,147,'Drama,Mystery,Thriller'),
('tt0460829','MOVIE','Inland Empire','Inland Empire',false,2006,null,180,'Drama,Fantasy,Mystery'),
('tt5334704','MOVIE','Twin Peaks: The Missing Pieces','Twin Peaks: The Missing Pieces',false,2014,null,91,'Drama,Horror,Mystery');

insert into title_principals values
('tt0074486',1,'nm0620756','actor',null,'["Henry Spencer"]'),
('tt0074486',2,'nm0829270','actress',null,'["Mary X"]'),
('tt0074486',3,'nm0430535','actor',null,'["Mr. X"]'),
('tt0074486',4,'nm0060931','actress',null,'["Mrs. X"]'),
('tt0074486',5,'nm0000186','director',null,null),
('tt0074486',6,'nm0136754','cinematographer',null,null),
('tt0074486',7,'nm0005695','cinematographer',null,null),
('tt0080678',1,'nm0000164','actor',null,'["Dr. Frederick Treves"]'),
('tt0080678',2,'nm0000457','actor',null,'["John Merrick"]'),
('tt0080678',3,'nm0000843','actress',null,'["Mrs. Kendal"]'),
('tt0080678',4,'nm0000024','actor',null,'["Carr Gomm"]'),
('tt0080678',5,'nm0000186','director',null,null),
('tt0080678',6,'nm0212246','writer','screenplay',null),
('tt0080678',7,'nm0075015','writer','screenplay',null),
('tt0080678',8,'nm0872375','writer','book "The Elephant Man and Other Reminiscences"',null),
('tt0080678',9,'nm0598744','writer','in part on the book "The Elephant Man: A Study in Human Dignity"',null),
('tt0080678',10,'nm0762674','producer','producer',null),
('tt0087182',1,'nm0001492','actor',null,'["Paul Atreides"]'),
('tt0087182',2,'nm0000515','actress',null,'["Princess Irulan"]'),
('tt0087182',3,'nm0000768','actress',null,'["Lady Jessica"]'),
('tt0087182',4,'nm0162361','actor',null,'["The Baron''s Doctor"]'),
('tt0087182',5,'nm0000186','director',null,null),
('tt0087182',6,'nm0378541','writer','novel',null),
('tt0087182',7,'nm0209581','producer','producer',null),
('tt0087182',8,'nm3058674','composer',null,null),
('tt0087182',9,'nm0005711','cinematographer',null,null),
('tt0087182',10,'nm0316626','editor',null,null),
('tt0090756',1,'nm0000618','actress',null,'["Dorothy Vallens"]'),
('tt0090756',2,'nm0001492','actor',null,'["Jeffrey Beaumont"]'),
('tt0090756',3,'nm0000454','actor',null,'["Frank Booth"]'),
('tt0090756',4,'nm0000368','actress',null,'["Sandy Williams"]'),
('tt0090756',5,'nm0000186','director',null,null),
('tt0090756',6,'nm0142301','producer','producer',null),
('tt0090756',7,'nm0000823','composer',null,null),
('tt0090756',8,'nm0005695','cinematographer','director of photography',null),
('tt0090756',9,'nm0242271','editor',null,null),
('tt0090756',10,'nm0635876','production_designer',null,null),
('tt0100935',1,'nm0000115','actor',null,'["Sailor Ripley"]'),
('tt0100935',2,'nm0000368','actress',null,'["Lula"]'),
('tt0100935',3,'nm0000353','actor',null,'["Bobby Peru"]'),
('tt0100935',4,'nm0293422','actor',null,'["Santos"]'),
('tt0100935',5,'nm0000186','director',null,null),
('tt0100935',6,'nm0317510','writer','novel "Wild at Heart: The Story of Sailor and Lula"',null),
('tt0100935',7,'nm0326512','producer','producer',null),
('tt0100935',8,'nm0599863','producer','producer',null),
('tt0100935',9,'nm0797451','producer','producer',null),
('tt0100935',10,'nm0000823','composer',null,null),
('tt0105665',1,'nm0498247','actress',null,'["Laura Palmer"]'),
('tt0105665',2,'nm0936403','actor',null,'["Leland Palmer"]'),
('tt0105665',3,'nm0000749','actress',null,'["Shelly Johnson"]'),
('tt0105665',4,'nm0000796','actor',null,'["Bobby Briggs"]'),
('tt0105665',5,'nm0000186','director',null,null),
('tt0105665',6,'nm0257306','writer','written by',null),
('tt0105665',7,'nm0004111','writer','television series Twin Peaks',null),
('tt0105665',8,'nm0276385','producer','producer',null),
('tt0105665',9,'nm0000823','composer',null,null),
('tt0105665',10,'nm0005715','cinematographer','director of photography',null),
('tt0116922',1,'nm0000597','actor',null,'["Fred Madison"]'),
('tt0116922',2,'nm0000099','actress',null,'["Renee Madison","Alice Wakefield"]'),
('tt0116922',3,'nm0741803','actor',null,'["Al"]'),
('tt0116922',4,'nm0258388','actor',null,'["Ed"]'),
('tt0116922',5,'nm0000186','director',null,null),
('tt0116922',6,'nm0317510','writer','written by',null),
('tt0116922',7,'nm0623235','producer','producer',null),
('tt0116922',8,'nm0827923','producer','producer',null),
('tt0116922',9,'nm0842156','producer','producer',null),
('tt0116922',10,'nm0000823','composer',null,null),
('tt0166896',1,'nm0002070','actor',null,'["Alvin"]'),
('tt0166896',2,'nm0000651','actress',null,'["Rose"]'),
('tt0166896',3,'nm1886964','actress',null,'["Dorothy"]'),
('tt0166896',4,'nm0139388','actor',null,'["Bud"]'),
('tt0166896',5,'nm0000186','director',null,null),
('tt0166896',6,'nm0730034','writer','written by',null),
('tt0166896',7,'nm0842156','writer','written by',null),
('tt0166896',8,'nm0249050','producer','producer',null),
('tt0166896',9,'nm0000823','composer',null,null),
('tt0166896',10,'nm0005711','cinematographer','director of photography',null),
('tt0166924',1,'nm0915208','actress',null,'["Betty","Diane Selwyn"]'),
('tt0166924',2,'nm0005009','actress',null,'["Rita","Camilla Rhodes"]'),
('tt0166924',3,'nm0857620','actor',null,'["Adam"]'),
('tt0166924',4,'nm0060931','actress',null,'["Irene"]'),
('tt0166924',5,'nm0000186','director',null,null),
('tt0166924',6,'nm0249050','producer','producer',null),
('tt0166924',7,'nm0469813','producer','producer',null),
('tt0166924',8,'nm0688789','producer','producer',null),
('tt0166924',9,'nm0764963','producer','producer',null),
('tt0166924',10,'nm0842156','producer','producer',null),
('tt0460829',1,'nm0344734','actress',null,'["Lost Girl"]'),
('tt0460829',2,'nm0538048','actor',null,'["Phantom"]'),
('tt0460829',3,'nm0951471','actress',null,'["Visitor #1"]'),
('tt0460829',4,'nm0000368','actress',null,'["Nikki Grace","Susan Blue"]'),
('tt0460829',5,'nm0000186','director',null,null),
('tt0460829',6,'nm0842156','producer','producer',null),
('tt0460829',7,'nm0000460','actor',null,'["Kingsley Stewart"]'),
('tt0460829',8,'nm0857620','actor',null,'["Devon Berk","Billy Side"]'),
('tt0460829',9,'nm0376265','actor',null,'["Janek"]'),
('tt0460829',10,'nm0000718','actor',null,'["Henry the Butler"]'),
('tt5334704',1,'nm0001389','actor',null,'["Special Agent Chester Desmond"]'),
('tt5334704',2,'nm0000662','actor',null,'["Sam Stanley"]'),
('tt5334704',3,'nm0262602','actor',null,'["Jack at Hap''s"]'),
('tt5334704',4,'nm0454278','actress',null,'["Irene at Hap''s"]'),
('tt5334704',5,'nm0000186','director',null,null),
('tt5334704',6,'nm0257306','writer','written by',null),
('tt5334704',7,'nm0004111','writer','based on the series written by',null),
('tt5334704',8,'nm0622301','producer','producer',null),
('tt5334704',9,'nm0000823','composer',null,null);

insert into name_basics values
('nm0000024','John Gielgud',1904,2000,'actor,writer,director','tt0045943,tt0082031,tt0117631,tt0071877'),
('nm0000099','Patricia Arquette',1968,null,'actress,director,soundtrack','tt0412175,tt1065073,tt0108399,tt0145531'),
('nm0000115','Nicolas Cage',1964,null,'actor,producer,soundtrack','tt0117500,tt0119094,tt0435705,tt0113627'),
('nm0000164','Anthony Hopkins',1937,null,'actor,soundtrack,composer','tt0975645,tt0412080,tt0212985,tt0102926'),
('nm0000186','David Lynch',1946,null,'writer,director,producer','tt0166924,tt0105665,tt0098936,tt0460829'),
('nm0000353','Willem Dafoe',1955,null,'actor,soundtrack,producer','tt0870984,tt0145487,tt5649144,tt6938828'),
('nm0000368','Laura Dern',1967,null,'actress,producer,writer','tt7653254,tt2305051,tt0107290,tt0090756'),
('nm0000454','Dennis Hopper',1936,2010,'actor,director,writer','tt0090756,tt0114898,tt0111257,tt0064276'),
('nm0000457','John Hurt',1940,2017,'actor,soundtrack','tt0087803,tt1340800,tt0080678,tt0078748'),
('nm0000460','Jeremy Irons',1948,null,'actor,soundtrack,producer','tt0094964,tt2975590,tt2094766,tt0110357'),
('nm0000515','Virginia Madsen',1961,null,'actress,producer,soundtrack','tt0375063,tt0087182,tt0103919,tt0114194'),
('nm0000597','Bill Pullman',1953,null,'actor,director,soundtrack','tt1628841,tt0116922,tt0116629,tt0094012'),
('nm0000618','Isabella Rossellini',1952,null,'actress,director,writer','tt0104070,tt0090756,tt2316411,tt0106881'),
('nm0000651','Sissy Spacek',1949,null,'actress,soundtrack,art_department','tt0074285,tt0080549,tt1454029,tt0247425'),
('nm0000662','Kiefer Sutherland',1966,null,'actor,producer,miscellaneous','tt0790686,tt0183649,tt0285331,tt1527186'),
('nm0000718','Ian Abercrombie',1934,2012,'actor,miscellaneous','tt0312098,tt0455499,tt0106308,tt1185834'),
('nm0000749','Mädchen Amick',1970,null,'actress,director,producer','tt0105665,tt0109665,tt5420376,tt0098936'),
('nm0000768','Francesca Annis',1945,null,'actress','tt0085811,tt0375920,tt0087182,tt0077042'),
('nm0000796','Dana Ashbrook',1967,null,'actor,writer','tt0105665,tt0095990,tt0098936,tt5334704'),
('nm0000823','Angelo Badalamenti',1937,null,'music_department,composer,soundtrack','tt0105665,tt0116922,tt0344510,tt0166924'),
('nm0000843','Anne Bancroft',1931,2005,'actress,soundtrack,director','tt0056241,tt0076843,tt0061722,tt0119223'),
('nm0001389','Chris Isaak',1956,null,'soundtrack,actor,producer','tt0100935,tt0105665,tt0102926,tt0120663'),
('nm0001492','Kyle MacLachlan',1959,null,'actor,soundtrack,director','tt2096673,tt0098936,tt0087182,tt0114436'),
('nm0002070','Richard Farnsworth',1920,2000,'actor,stunts,soundtrack','tt0100157,tt0166896,tt0087781,tt0088727'),
('nm0004111','Mark Frost',1953,null,'writer,producer,miscellaneous','tt0120667,tt0098936,tt0081873,tt4093826'),
('nm0005009','Laura Harring',1964,null,'actress','tt0166924,tt0484740,tt0330793'),
('nm0005695','Frederick Elmes',1946,null,'cinematographer,camera_department,special_effects','tt0090756,tt5247022,tt2401256,tt8695030'),
('nm0005711','Freddie Francis',1917,2007,'director,cinematographer,camera_department','tt0097441,tt0080678,tt0101540,tt0166896'),
('nm0005715','Ronald Víctor García',null,null,'cinematographer,director,writer','tt0099493,tt0105665,tt0115161,tt5853176'),
('nm0060931','Jeanne Bates',1918,2007,'actress','tt0052520,tt0074486,tt0099423,tt0166924'),
('nm0075015','Eric Bergren',1954,2016,'writer,director,actor','tt0227632,tt0080678,tt0101664,tt0083967'),
('nm0136754','Herbert Cardwell',1940,1979,'cinematographer','tt0074486,tt0193716'),
('nm0139388','Joseph A. Carpenter',null,null,'actor','tt0166896'),
('nm0142301','Fred C. Caruso',null,null,'producer,production_manager,writer','tt0068646,tt0080661,tt0090756,tt0192614'),
('nm0162361','Leonardo Cimino',1917,2012,'actor','tt0102070,tt0093560,tt0087182,tt0114898'),
('nm0209581','Raffaella De Laurentiis',1954,null,'producer,production_manager,costume_department','tt1536537,tt0087182,tt0346156,tt0116136'),
('nm0212246','Christopher De Vore',null,null,'writer,actor','tt0080678,tt0099726,tt0083967,tt7578796'),
('nm0242271','Duwayne Dunham',1952,null,'editor,director,editorial_department','tt0082971,tt0080684,tt0086190,tt0098936'),
('nm0249050','Neal Edelstein',null,null,'producer,director,miscellaneous','tt0166924,tt4332232,tt0166896,tt0298130'),
('nm0257306','Robert Engels',null,null,'producer,writer,miscellaneous','tt0213327,tt0105665,tt0098936,tt0103505'),
('nm0258388','Louis Eppolito',1948,2019,'actor,writer,miscellaneous','tt0099685,tt0116922,tt0109982,tt0100403'),
('nm0262602','C.H. Evans',null,null,'actor','tt0101678,tt5334704,tt0105665'),
('nm0276385','Gregg Fienberg',null,null,'producer,production_manager,director','tt0844441,tt0348914,tt0120684,tt3920596'),
('nm0293422','J.E. Freeman',1946,2014,'actor','tt0100150,tt0118583,tt0105112,tt0100935'),
('nm0316626','Antony Gibbs',1925,2016,'editor,editorial_department,sound_department','tt0067093,tt0075784,tt0087182,tt0184858'),
('nm0317510','Barry Gifford',1946,null,'writer,actor,producer','tt0100935,tt0106029,tt0116922,tt1016071'),
('nm0326512','Steve Golin',1955,2019,'producer,actor','tt0120601,tt0338013,tt1663202,tt1895587'),
('nm0344734','Karolina Gruszka',1980,null,'actress','tt0460829,tt0480691,tt0167380,tt5705058'),
('nm0376265','Jan Hencz',1946,2010,'actor','tt0093797,tt0083271,tt0460829,tt0100999'),
('nm0378541','Frank Herbert',1920,1986,'writer','tt10466872,tt3978046,tt1160419,tt0087182'),
('nm0430535','Allen Joseph',1919,2012,'actor','tt0079278,tt0074486,tt0074860,tt0081398'),
('nm0454278','Sandra Kinder',null,null,'actress','tt0102832,tt5334704,tt0105665,tt0098780'),
('nm0469813','Tony Krantz',null,null,'producer,writer,director','tt0285331,tt0166924,tt1307873,tt8652642'),
('nm0498247','Sheryl Lee',1967,null,'actress,miscellaneous,casting_department','tt0105665,tt0098936,tt0120877,tt0100935'),
('nm0538048','Krzysztof Majchrzak',1948,null,'actor,writer,script_department','tt0460829,tt0357037,tt0177838,tt0109510'),
('nm0598744','Ashley Montagu',1905,1999,'writer','tt0170980,tt0276652,tt0191143,tt0080678'),
('nm0599863','Monty Montgomery',1963,null,'producer,writer,actor','tt0085872,tt0100935,tt0106029,tt0166924'),
('nm0620756','Jack Nance',1943,1996,'actor','tt0087182,tt0116922,tt0074486,tt0090756'),
('nm0622301','Sabrina S. Sutherland',null,null,'miscellaneous,producer,actress','tt0460829,tt4093826,tt0098936,tt1477818'),
('nm0623235','Deepak Nayar',1959,null,'producer,assistant_director,production_manager','tt1686821,tt0116922,tt0286499,tt1343727'),
('nm0635876','Patricia Norris',1931,2015,'costume_department,costume_designer,production_designer','tt0086837,tt1951181,tt2024544,tt0077405'),
('nm0688789','Michael Polaire',null,null,'producer,production_manager,location_management','tt0120053,tt0166924,tt1291580,tt1506999'),
('nm0730034','John Roach',null,null,'writer','tt1261381,tt0166896'),
('nm0741803','John Roselius',1944,2018,'actor,miscellaneous,stunts','tt0117705,tt0116922,tt0124298,tt0118880'),
('nm0762674','Jonathan Sanger',1944,null,'producer,director,assistant_director','tt0259711,tt0230600,tt0080678,tt0091059'),
('nm0764963','Alain Sarde',1952,null,'producer,actor,writer','tt0253474,tt0125659,tt0166924,tt1139328'),
('nm0797451','Sigurjon Sighvatsson',1952,null,'producer,executive,production_manager','tt0137363,tt0765010,tt5362988,tt0100935'),
('nm0827923','Tom Sternberg',null,null,'producer,miscellaneous','tt0134119,tt0078788,tt0328589,tt0116922'),
('nm0829270','Charlotte Stewart',1941,null,'actress','tt0074486,tt0071007,tt0259685,tt0100814'),
('nm0842156','Mary Sweeney',1953,null,'producer,editor,writer','tt0116922,tt0166924,tt0166896,tt1297935'),
('nm0857620','Justin Theroux',1971,null,'actor,writer,producer','tt0305357,tt3631112,tt0166924,tt0144084'),
('nm0872375','Frederick Treves',1853,1923,'writer','tt0080678'),
('nm0915208','Naomi Watts',1968,null,'actress,producer,soundtrack','tt0166924,tt0360717,tt1649419,tt2562232'),
('nm0936403','Ray Wise',1947,null,'actor,soundtrack','tt0433383,tt4853102,tt0301470,tt0308152'),
('nm0951471','Grace Zabriskie',1941,null,'actress,producer,soundtrack','tt0099253,tt0100935,tt0120591,tt0460829'),
('nm1886964','Jane Galloway Heitz',1941,2019,'actress','tt0897361,tt0189192,tt0898266,tt0166896'),
('nm3058674','TOTO',null,null,'soundtrack,actor,composer','tt0087182,tt0493405,tt1470023,tt0389860');
